id,name,TMDB_ID,year
1,Batwoman,/tv/89247, 2019
2,Chicago PD,/tv/58841, 2014
3,FBI,/tv/80748, 2018
4,FBI most wanted,/tv/94372, 2020
5,Loki,/tv/84958, 2021
6,Legacies,/tv/79460, 2018
7,Lucifer,/tv/63174, 2016
8,Hanna,/tv/54155, 2019
9,SEAL Team,/tv/71789, 2017
10,Succession,/tv/76331, 2018
11,Yellowstone,/tv/73586, 2018
12,911,/tv/75219, 2018
13,The Great,/tv/93812, 2020
14,S.W.A.T,/tv/71790, 2017
15,Blade Runner Black Lotus,/tv/84553, 2021
16,Money Heist,/tv/71446, 2017
17,The Walking Dead;World Beyond,/tv/1402, 2010
18,Squid Game,/tv/93405, 2021
19,Queen of the South,/tv/66676, 2016
20,NCIS,/tv/4614, 2003
21,Bob Hearts Abishola,/tv/92461, 2019
22,NCIS Hawaii,/tv/124271, 2021
23,The Big Leap,/tv/127161, 2021
24,Emily in Paris,/tv/82596, 2020
25,4400,/tv/127581, 2021
26,Insecure,/tv/67883, 2016
27,Nancy Drew,/tv/89572, 2019
28,The Morning Show,/tv/90282, 2019
30,Riverdale,/tv/69050, 2017
31,The Flash,/tv/60735, 2014
32,The Resident,/tv/74016, 2018
33,Chucky,/tv/90462, 2021
34,Alex Rider,/tv/99799, 2020
35,Invasion,/tv/127235, 2021
36,Superman and Lois,/tv/95057, 2021
37,Magnum Pi,/tv/79593, 2018
38,Blue Bloods,/tv/32692, 2010
39,See,/tv/80752, 2019
40,CSI Vegas,/tv/122194, 2021
41,Lost in Space,/tv/75758, 2018
42,The Box,/tv/128653, 2021
43,The Sex Lives of College Girls,/tv/134373, 2021
44,The Rookie,/tv/79744, 2018
45,Landscapers,/tv/113987, 2021
46,Sex Education,/tv/81356, 2019
47,Kevin Can Fuck Himself,/tv/99652, 2021
48,Sex Life,/tv/126280, 2021
49,Never Have I Ever,/tv/100883, 2020
50,And Just Like That,/tv/116450, 2021
51,The oval,/tv/95004, 2019
52,Hawkeye,/tv/88329, 2021
53,Queens,/tv/127390, 2021
54,Rick and Morty,/tv/60625, 2013
55,Tom and Jerry in New York,/tv/127445, 2021
56,Lie with Me,/tv/129019, 2021
57,Star Trek Discovery,/tv/67198, 2017
58,The Witcher,/tv/71912, 2019
59,Big Sky,/tv/100010, 2020
60,MacGruber,/tv/107314, 2021
61,The Expanse,/tv/63639, 2015
62,Ragdoll,/tv/135156, 2021
63,Station Eleven,/tv/90972, 2021
64,Firebite,/tv/138525, 2021
66,Nikita,/tv/32868, 2010
67,Welcome to Earth,/tv/127700, 2021
68,Fast & Furios spy Racers,/tv/95594, 2019
69,Yellowjackets,/tv/117488, 2021
70,Power Book II Ghost,/tv/97890, 2020
71,Dexter,/tv/1405, 2006
72,Day of the Dead,/tv/129897, 2021
73,Godfather of Harlem,/tv/79086, 2019
74,Blood and Water,/tv/64641, 2015
75,Cursed,/tv/83125, 2020
75,Cursed,/tv/5786, 2012
76,1883,/tv/118357, 2021
77,Demon Slayer Kimetsu No Yaiba,/tv/85937, 2019
78,La Brea,/tv/128839, 2021
79,What If,/tv/91363, 2021
80,Strike Back,/tv/32573, 2010
80,Strike Back,/tv/126971, 2020
81,Supergirl,/tv/62688, 2015
82,The Blacklist,/tv/46952, 2013
83,You,/tv/78191, 2018
84,Dynasty,/tv/72002, 2017
85,Station 19,/tv/76773, 2018
86,Tyler Perrys Sistas,/tv/94686, 2019
87,Arrow,/tv/1412, 2012
88,Wu Assassins,/tv/86752, 2019
89,Daredevil,/tv/61889, 2015
90,Into the Badlands,/tv/47450, 2015
91,Greys' Anatomy,/tv/1416, 2005
92,The Good Doctor,/tv/71712, 2017
93,Lupin,/tv/96677, 2021
94,Hightown,/tv/86588, 2020
95,Outer Banks,/tv/100757, 2020
96,Game of Thrones,/tv/1399, 2011
97,The 100,/tv/48866, 2014
98,Utopia,/tv/46511, 2013
99,DC's Legends of Tomorrow,/tv/62643, 2016
100,Designated Survivor,/tv/67026, 2016
101,The Last Ship,/tv/60802, 2014
102,11.22.63,/tv/64464, 2016
103,Letterkenny,/tv/65798, 2016
104,Vikings,/tv/44217, 2013
105,911 Lone Star,/tv/89393, 2020
106,Kenan,/tv/116609, 2021
107,Cobra Kai,/tv/77169, 2018
108,Young Justice,/tv/33217, 2010
109,Around the World in 80 Days,/tv/96228, 2021
110,The Equilizer,/tv/62153, 2014
112,F is for Family,/tv/63522, 2015
113,Family Guy,/tv/1434, 1999
114,Elite,/tv/76669, 2018
115,Stay Close,/tv/136308, 2021
116,The Cleaning Lady,/tv/125282, 2022
117,The Tourist,/tv/120909, 2022
118,This Is Us,/tv/67136, 2016
119,FBI International,/tv/121658, 2021
120,Chicago Med,/tv/62650, 2015
121,MacGyver,/tv/67133, 2016
122,The Conners,/tv/80550, 2018
123,Gossip Girl,/tv/95249, 2021
124,The Outpost,/tv/79340, 2018
125,The Big Theory,/tv/50133, 2013
126,Bodyguard,/tv/80307, 2018
127,Deadly Class,/tv/75663, 2019
128,Blackish,/tv/61381, 2014
129,Chicago Fire,/tv/44006, 2012
130,Hawaii Five 0,/tv/32798, 2010
131,Coroner,/tv/85586, 2019
133,Bull,/tv/66840, 2016
134,Young Sheldon,/tv/71728, 2017
135,Naomi,/tv/125474, 2022
136,A Discovery of Witches,/tv/77236, 2018
137,Screw,/tv/153425, 2022
138,68 Whiskey,/tv/88947, 2020
139,Altered Carbon,/tv/68421, 2018
140,American Crime Story,/tv/64513, 2016
141,Dark,/tv/70523, 2017
142,Banshee,/tv/41727, 2013
143,Spartacus,/tv/46296, 2010
144,A Million Little Things,/tv/81499, 2018
145,Wolf Like Me,/tv/136738, 2022
146,Archive 81,/tv/112314, 2022
147,Peacemaker,/tv/110492, 2022
148,Euphoria,/tv/85552, 2019
149,After Life,/tv/79410, 2019
150,Attack on Titan,/tv/1429, 2013
151,New Amsterdam,/tv/80350, 2018
151,New Amsterdam,/tv/1144, 2008
152,How I Met Your Father,/tv/124010, 2022
154,The Book of Boba Fett,/tv/115036, 2021
155,Good Sam,/tv/125952, 2022
156,Shannara Chronicles,/tv/64122, 2016
157,Ozark,/tv/69740, 2017
158,Jaguar,/tv/127425, 2021
159,The Hardy Boys,/tv/112945, 2020
160,The Flight Attendant,/tv/93287, 2020
161,The Mandalorian,/tv/82856, 2019
162,Dracula,/tv/86850, 2020
163,Soulmates,/tv/100771, 2020
164,Equinox,/tv/113600, 2020
166,Billions,/tv/62852, 2016
167,The Righteous Gemstones,/tv/82782, 2019
168,Trigger Point,/tv/127716, 2022
169,The Gilded Age,/tv/81723, 2022
170,Ghosts,/tv/126027, 2021
172,Snowpiercer,/tv/79680, 2020
173,Two Sentence Horror Stories,/tv/90961, 2019
174,In From the Cold,/tv/146173, 2022
175,All of Us Are Dead,/tv/99966, 2022
176,The Afterparty,/tv/106454, 2022
177,The Responder,/tv/155346, 2022
178,The Woman in the House Across the Street from the Girl in the Window,/tv/111838, 2022
179,Resident Alien,/tv/96580, 2021
181,Raising Dion,/tv/93392, 2019
182,Reacher,/tv/108978, 2022
183,SKAM,/tv/65320, 2015
184,Servant,/tv/88055, 2019
185,Raised by Wolves,/tv/85723, 2020
186,Power Book IV: Force,/tv/119845, 2022
187,Murderville,/tv/155594, 2022
188,Love Death & Robots,/tv/86831, 2019
189,Chloe,/tv/156507, 2022
190,Jane the Virgin,/tv/61418, 2014
191,Abbott Elementary,/tv/125935, 2021
193,Neymar: The Perfect Chaos,/tv/153519, 2022
194,Women Of Movement,/tv/111263, 2022
195,Single Drunk Female,/tv/136739, 2022
196,Promised Land,/tv/130980, 2022
197,Super Crooks,/tv/127599, 2021
198,Suspicion,/tv/100414, 2022
199,Somebody Somewhere,/tv/106308, 2022
200,Person of Interest,/tv/1411, 2011
201,Dollface,/tv/84584, 2019
202,Inventing Anna,/tv/95665, 2022
203,Bel-Air,/tv/107365, 2022
204,The Last Kingdom,/tv/63333, 2015
205,Scandal,/tv/39269, 2012
206,Space Force,/tv/85922, 2020
207,Snowdrop,/tv/108291, 2021
208,Young Wallander,/tv/91545, 2020
209,Severance,/tv/95396, 2022
210,The Marvelous Mrs. Maisel,/tv/70796, 2017
211,The Walking Dead,/tv/1402, 2010
212,Scream,/tv/62823, 2015
213,Treadstone,/tv/83949, 2019
214,Beauty and the Beast,/tv/44606, 2012
215,From,/tv/124364, 2022
216,Super Pumped,/tv/126301, 2022
217,Vikings: Valhalla,/tv/116135, 2022
218,Black Lightning,/tv/71663, 2018
219,The Endgame,/tv/134375, 2022
220,Star Trek Picard,/tv/85949, 2020
221,The Dropout,/tv/122066, 2022
222,Kung-Fu,/tv/114165, 2021
223,Good Trouble,/tv/80006, 2019
224,Theodosia,/tv/139061, 2022
225,Snowfall,/tv/71694, 2017
225,Snowfall,/tv/68913, 2016
226,The Last Days of Ptolemy Grey,/tv/155493, 2022
227,Formula 1: Drive to Survive,/tv/87083, 2019
228,Walker,/tv/99121, 2021
229,The Office,/tv/2996, 2001
230,Charmed,/tv/1981, 1998
230,Charmed,/tv/79611, 2018
231,B Positive,/tv/104714, 2020
233,Peaky Blinders,/tv/60574, 2013
234,All American: Homecoming,/tv/153723, 2022
235,All American,/tv/82428, 2018
236,Minx,/tv/118303, 2022
237,DMZ,/tv/113566, 2022
238,Our Flag Means Death,/tv/109939, 2022
240,Law & Order: Organized Crime,/tv/106158, 2021
242,That Dirty Black Bag,/tv/157084, 2022
243,Bridgerton,/tv/91239, 2020
244,Pachinko,/tv/110382, 2022
245,Halo,/tv/52814, 2022
246,Marvel Studios Assembled,/tv/118924, 2021
247,Pieces of Her,/tv/99002, 2022
248,Parallels,/tv/118906, 2022
249,Atlanta,/tv/65495, 2016
250,Killing Eve,/tv/72750, 2018
251,The Girl from Plainville,/tv/107114, 2022
252,Better Things,/tv/66859, 2016
253,Moon Knight,/tv/92749, 2022
254,Young Rock,/tv/97754, 2021
255,Lethal Weapon,/tv/67116, 2016
256,The Vampire Diaries,/tv/18165, 2009
257,Tomorrow,/tv/136369, 2022
258,Slow Horses,/tv/95480, 2022
259,Shining Vale,/tv/136745, 2022
260,Tokyo Vice,/tv/90296, 2022
261,61st Street,/tv/98657, 2022
262,Gentleman Jack,/tv/86163, 2019
264,Ice Age: Scrat Tales,/tv/158307, 2022
265,The Queen's Gambit,/tv/87739, 2020
266,Derry Girls,/tv/76148, 2018
267,The Boarding School Las Cumbres,/tv/97513, 2021
268,The Originals,/tv/46896, 2013
269,Roar,/tv/136741, 2022
270,Outer Range,/tv/113985, 2022
271,Anatomy of a Scandal,/tv/113984, 2022
272,Why Didnt They Ask Evans?,/tv/157372, 2022
273,Fear the Walking Dead,/tv/62286, 2015
274,Swimming with Sharks,/tv/156822, 2022
275,The First Lady,/tv/99070, 2022
276,Russian Doll,/tv/84977, 2019
277,Pacific Rim: The Black,/tv/112162, 2021
278,My Brilliant Friend,/tv/78154, 2018
279,iCarly,/tv/119243, 2021
280,Julia,/tv/116761, 2022
281,The Rising,/tv/124477, 2022
282,Heartstopper,/tv/124834, 2022
283,Sanditon,/tv/92875, 2019
284,The Man Who Fell to Earth,/tv/118663, 2022
284,The Man Who Fell to Earth,/tv/17143, 2022
285,Gaslit,/tv/107407, 2022
286,Hilda,/tv/82456, 2018
287,Billy the Kid,/tv/138971, 2022
288,Outlander,/tv/56570, 2014
289,Mai: A Mother's Rage,/tv/195900, 2022
290,Under the Banner of Heaven,/tv/128095, 2022
291,We Own This City,/tv/125949, 2022
292,Barry,/tv/73107, 2018
293,The Offer,/tv/114068, 2022
294,Undone,/tv/86340, 2019
295,Manifest,/tv/79696, 2018
296,Shining Girls,/tv/106388, 2022
297,Winning Time: The Rise of the Lakers Dynasty,/tv/124067, 2022
298,The Baby,/tv/115915, 2022
299,Welcome to Eden,/tv/128010, 2022
300,Clark,/tv/157008, 2022
301,Dragons: The Nine Realms,/tv/136322, 2021
302,The Pentaverate,/tv/88584, 2022
303,Blood Sisters,/tv/197428, 2022
304,Bosch Legacy,/tv/153657, 2022
305,Made For Love,/tv/90970, 2021
306,The Sound of Magic,/tv/123349, 2022
307,The Wilds,/tv/113367, 2020
308,Star Trek: Lower Decks,/tv/85948, 2020
309,Candy,/tv/105804, 2022
310,Better Call Saul,/tv/60059, 2015
311,The Lincoln Lawyer,/tv/116799, 2022
312,Games People Play,/tv/88770, 2019
313,The Time Traveler,/tv/81322, 2022
315,Hacks,/tv/124101, 2021
316,The Staircase,/tv/122196, 2022
316,The Staircase,/tv/21421, 2004
317,Star Trek: Strange New Worlds,/tv/103516, 2022
318,Love,/tv/53606, 2016
319,Night Sky,/tv/111894, 2022
320,The Essex Serpent,/tv/108171, 2022
321,Heroes,/tv/1639, 2006
322,P-Valley,/tv/87017, 2020
323,Hannibal,/tv/40008, 2013
324,Obi-Wan Kenobi,/tv/92830, 2022
325,Tehran,/tv/103913, 2020
326,Prehistoric Planet,/tv/95171, 2022
327,Stranger Things,/tv/66732, 2016
328,Atlantis,/tv/47054, 2013
329,Angelyne,/tv/93751, 2022
330,Duncanville,/tv/93292, 2020
331,Good Omens,/tv/71915, 2019
332,Tacoma FD,/tv/86893, 2019
333,The Affair,/tv/61463, 2014
334,Gomorrah,/tv/61068, 2014
335,Bosch,/tv/60585, 2015
336,Shadowhunters,/tv/63210, 2016
337,13 Reasons Why,/tv/66788, 2017
338,Iron Fist,/tv/62127, 2017
339,The Defenders,/tv/62285, 2017
340,Shooter,/tv/66857, 2016
341,Pistol,/tv/132159, 2022
342,Breeders,/tv/93290, 2020
344,The Boys,/tv/76479, 2019
345,Physical,/tv/119181, 2021
346,Roswell,/tv/4624, 1999
347,Irma Vep,/tv/115626, 2022
348,In the Dark,/tv/85727, 2019
349,Warrior Nun,/tv/87689, 2020
350,All Rise,/tv/90872, 2019
351,Once Upon a Time in Londongrad,/tv/203226, 2022
352,The Orville,/tv/71738, 2017
353,Intelligence,/tv/88110, 2020
354,For All Mankind,/tv/87917, 2019
355,First Kill,/tv/111616, 2022
356,Conversations with Friends,/tv/99747, 2022
357,Des,/tv/96628, 2020
358,Disenchantment,/tv/73021, 2018
359,George Carlins American Dream,/tv/201123, 2022
360,Evil,/tv/86848, 2019
361,Intimacy,/tv/123534, 2022
362,Becoming Elizabeth,/tv/198085, 2022
363,Dark Winds,/tv/128904, 2022
364,Top Gear,/tv/45, 2002
365,Love Victor,/tv/97186, 2020
366,Ms. Marvel,/tv/92782, 2022
367,Sherwood,/tv/155243, 2022
368,God's Favorite Idiot,/tv/114201, 2022
369,Tom Swift,/tv/132380, 2022
370,America's Got Talent,/tv/4551, 2006
371,The Old Man,/tv/111800, 2022
372,The Lazarus Project,/tv/194567, 2022
373,Dead End: Paranormal Park,/tv/158139, 2022
374,Better Call Saul Presents: Slippin' Jimmy,/tv/158704, 2022
375,Goliath,/tv/67384, 2016
376,The Orbital Children,/tv/138190, 2022
377,Motherland: Fort Salem,/tv/91977, 2020
378,Money Heist: Korea ,/tv/112836, 2022
379,Man vs. Bee,/tv/197588, 2022
380,The Chi,/tv/72071, 2018
381,The Summer I Turned Pretty,/tv/194766, 2022
382,The Umbrella Academy,/tv/75006, 2019
383,Loot,/tv/197449, 2022
384,Who Killed Sara?,/tv/120168, 2021
385,So You Think You Can Dance,/tv/3976, 2005
386,The Lake,/tv/158051, 2022
387,Only Murders in the Building,/tv/107113, 2021
388,Animal Kingdom,/tv/66025, 2016
389,Westworld,/tv/63247, 2016
390,The Outlaws,/tv/136044, 2021
391,Prison Break,/tv/2288, 2005
392,The Terminal List,/tv/120911, 2022
393,Baymax,/tv/114466, 2022
394,Aoashi,/tv/126437, 2022
395,Bad Sport,/tv/133358, 2021
396,Last Chance U: Basketball,/tv/118876, 2021
397,The Undeclared War,/tv/156988, 2022
398,Troppo,/tv/130578, 2022
399,They Call Me Magic,/tv/157002, 2022
400,The Croods: Family Tree,/tv/132559, 2021
401,SPY x FAMILY,/tv/120089, 2022
402,Rutherford Falls,/tv/93748, 2021
403,Power Book III: Raising Kanan,/tv/124394, 2021
404,Transporter: The Series,/tv/39497, 2012
405,Black Bird,/tv/155537, 2022
406,Moonhaven,/tv/125398, 2022
407,Marvel Studios: Legends,/tv/114695, 2021
408,Control Z,/tv/102903, 2020
409,Boo Bitch,/tv/132188, 2022
410,Fatma,/tv/123138, 2021
412,Them,/tv/120462, 2021
413,Hit-Monkey,/tv/133903, 2021
414,Santa Inc.,/tv/103214, 2021
415,The Nevers,/tv/80828, 2021
416,The Falcon and the Winter Soldier,/tv/88396, 2021
417,Stargirl,/tv/80986, 2020
418,Gangs of London,/tv/85021, 2020
419,Spy City,/tv/113828, 2020
420,Ragnarok,/tv/91557, 2020
421,Mind Over Murder,/tv/203282, 2022
422,Inhumans,/tv/68716, 2017
423,Big Mouth,/tv/74204, 2017
424,Big Little Lies,/tv/66292, 2017
425,Taboo,/tv/65708, 2017
426,American Gods,/tv/46639, 2017
427,Godless,/tv/73467, 2017
428,The Sinner,/tv/39852, 2017
429,What We Do in the Shadows,/tv/83631, 2019
430,Solar Opposites,/tv/97645, 2020
431,D.B. Cooper: Where Are You?!,/tv/204302, 2022
432,Resident Evil,/tv/108296, 2022
433,Kung Fu Panda: The Dragon Knight,/tv/129959, 2022
434,Farzar,/tv/202864, 2022
435,Blood and Treasure,/tv/197131, 2022
436,Bucchigire!,/tv/195924, 2022
437,Boruto: Naruto Next Generations,/tv/70881, 2017
438,grown-ish,/tv/71885, 2018
439,Virgin River,/tv/88324, 2019
440,Jurassic World: Camp Cretaceous,/tv/93741, 2020
441,Standup and Away! with Brian Regan,/tv/110167, 2018
442,The Last Movie Stars,/tv/157021, 2022
443,Primal,/tv/89456, 2019
444,Miss Scarlet and the Duke,/tv/96450, 2020
445,Trying,/tv/98177, 2020
445,Trying,/tv/206733, 2022
446,The Rehearsal,/tv/204284, 2022
447,James May: Our Man in Italy,/tv/96723, 2020
448,Jane Eyre,/tv/13851, 2006
449,Uncoupled,/tv/201380, 2022
450,Are You Afraid of the Dark?,/tv/93693, 2019
451,Paper Girls,/tv/106431, 2022
452,Players,/tv/132178, 2022
453,Surface,/tv/127641, 2022
454,Black Spot,/tv/70613, 2017
455,Keep Breathing,/tv/195822, 2022
456,The Resort,/tv/194728, 2022
457,Pretty Little Liars: Original Sin,/tv/110531, 2022
458,American Horror Stories,/tv/113036, 2021
459,Snake in the Grass,/tv/206427, 2022
460,The Most Hated Man on the Internet,/tv/205106, 2022
461,Tuca & Bertie,/tv/79356, 2019
462,City on a Hill,/tv/79618, 2019
463,Harley Quinn,/tv/74440, 2019
464,All the Same... or Not,/tv/114105, 2022
465,Industry,/tv/90812, 2020
466,Reservation Dogs,/tv/95215, 2021
467,Uncle from Another World,/tv/127714, 2022
468,All or Nothing: Arsenal,/tv/132376, 2022
469,Yasuke,/tv/112166, 2021
470,Trese,/tv/94924, 2021
471,Sweet Tooth,/tv/103768, 2021
472,The Silent Sea,/tv/96777, 2021
473,Power,/tv/54650, 2014
474,Locke & Key,/tv/86423, 2020
475,Star Wars; Rebels,/tv/60554, 2014
476,Bridge and Tunnel,/tv/111750, 2021
477,The Anarchists,/tv/204899, 2022
479,Surviving Escobar: Alias JJ,/tv/70828, 2017
480,The Sandman,/tv/90802, 2022
481,High School Musical: The Musical - The Series,/tv/85801, 2019
482,Shoot! Goal to the Future,/tv/138882, 2022
483,Colosseum,/tv/204377, 2022
484,UFO,/tv/127642, 2021
485,School Tales the Series,/tv/203502, 2022
487,Beavis and Butt-head,/tv/13943, 1993
489,This Fool,/tv/202137, 2022
490,Password,/tv/203254, 2022
491,Everything,/tv/135312, 2022
492,Five Days at Memorial,/tv/108664, 2022
493,Flatbush Misdemeanors,/tv/111500, 2021
494,Running Wild with Bear Grylls: The Challenge,/tv/204577, 2022
495,A League of Their Own,/tv/107005, 2022
496,Tales of the Walking Dead,/tv/136248, 2022
497,Legacy: The True Story of the LA Lakers,/tv/204554, 2022
498,Rabbids Invasion,/tv/62201, 2013
499,Family Law,/tv/124643, 2021
500,A Model Family,/tv/132171, 2022
501,The Knights of Castelcorvo,/tv/111442, 2020
502,After the Verdict,/tv/137831, 2022
503,Aftermath,/tv/67439, 2016
504,Again My Life,/tv/135654, 2022
505,Agatha Christie's Marple,/tv/6127, 2004
506,Agatha Raisin,/tv/66671, 2016
507,Hotties,/tv/206300, 2022
508,Bunnicula,/tv/65564, 2016
509,Hamster & Gretel,/tv/156606, 2022
510,Halston,/tv/99617, 2021
511,Halt and Catch Fire,/tv/59659, 2014
512,Inside Pixar,/tv/111815, 2020
513,Children of the Underground,/tv/206319, 2022
515,Knightfall,/tv/73117, 2017
516,Castle,/tv/1419, 2009
517,Castle Rock,/tv/71116, 2018
518,Imposters,/tv/69889, 2017
519,She-Hulk: Attorney at Law,/tv/92783, 2022
520,Tekken: Bloodline,/tv/195530, 2022
521,He-Man and the Masters of the Universe,/tv/96659, 2021
522,Selena + Chef,/tv/106978, 2020
523,Shetland,/tv/46923, 2013
524,Bad Sisters,/tv/199318, 2022
525,Echoes,/tv/129612, 2022
526,Rap Sh!t,/tv/155772, 2022
527,The Girl in the Mirror,/tv/127424, 2022
528,Schulz Saves America,/tv/114604, 2020
529,Sprung,/tv/204698, 2022
530,Code Black,/tv/63418, 2015
531,1000 Ways to Die,/tv/15826, 2009
532,Criminal Minds,/tv/4057, 2005
533,House of the Dragon,/tv/94997, 2022
534,Kleo,/tv/206010, 2022
535,The Cuphead Show!,/tv/103786, 2022
536,Special OPS,/tv/100612, 2020
537,Below Deck Mediterranean,/tv/66902, 2016
538,Beat Shazam,/tv/71654, 2017
539,Angels in America,/tv/11245, 2003
540,Fleabag,/tv/67070, 2016
541,Goblin: The Lonely and Great God,/tv/67915, 2016
542,Horace and Pete,/tv/65454, 2016
543,LEGO Star Wars: The Freemaker Adventures,/tv/66837, 2016
544,LEGO Star Wars: The Resistance Rises,/tv/66487, 2016
545,Luke Cage,/tv/62126, 2016
546,Man with a Plan,/tv/67156, 2016
547,Medici: Masters of Florence,/tv/66761, 2016
548,Preacher,/tv/64230, 2016
549,Private Eyes,/tv/66599, 2016
550,Archer,/tv/10283, 2009
551,Lost Ollie,/tv/156935, 2022
552,Delhi Crime,/tv/87508, 2019
553,Chad & JT Go Deep,/tv/205798, 2022
554,Mo,/tv/201124, 2022
555,The Twelve,/tv/202113, 2022
556,Mike,/tv/135250, 2022
557,The Crown,/tv/65494, 2016
558,The Girlfriend Experience,/tv/64387, 2016
559,The Grand Tour,/tv/67557, 2016
560,Van Helsing,/tv/65820, 2016
561,Kidding,/tv/73925, 2018
562,My Mister,/tv/76662, 2018
563,Interrogation Raw,/tv/203453, 2022
564,Welcome to Wrexham,/tv/126929, 2022
565,Little Demon,/tv/125392, 2022
566,Partner Track,/tv/135035, 2022
567,The Patient,/tv/135868, 2022
568,The Lord of the Rings: The Rings of Power,/tv/84773, 2022
569,The Ipcress File,/tv/114926, 2022
570,Pantheon,/tv/195339, 2022
571,The Capture,/tv/93166, 2019
573,Ghosts of Devil's Perch,/tv/208734, 2022
574,The Dark Crystal: Age of Resistance,/tv/71809, 2019
575,Fakes,/tv/207841, 2022
576,Ghostwriter,/tv/93520, 2019
577,House of Hammer,/tv/207836, 2022
578,Devil in Ohio,/tv/133700, 2022
579,One Piece,/tv/37854, 1999
580,Ridley,/tv/132306, 2022
581,Queen Sugar,/tv/67679, 2016
582,Cars on the Road,/tv/114502, 2022
583,The Suspect,/tv/157062, 2022
584,When Nature Calls with Helen Mirren,/tv/127548, 2021
585,Extraordinary Attorney Woo,/tv/197067, 2022
586,Tell Me Lies,/tv/130464, 2022
587,War of the Worlds,/tv/86374, 2019
588,The Good Fight,/tv/69158, 2017
589,American Gigolo,/tv/127585, 2022
590,The Lord of the Rings: The Rings of Power,/tv/84773, 2022
591,The Imperfects,/tv/203555, 2022
592,Last Light,/tv/195821, 2022
593,Biohackers,/tv/100074, 2020
594,Central Park,/tv/98198, 2020
595,Alice in Borderland,/tv/110316, 2020
596,Defending Jacob,/tv/87784, 2020
597,Cosmos: Possible Worlds,/tv/155434, 2020
598,Disney Gallery / Star Wars: The Mandalorian,/tv/101978, 2020
599,Devs,/tv/81349, 2020
600,Feel Good,/tv/99610, 2020
601,High Score,/tv/106754, 2020
602,Home Before Dark,/tv/98161, 2020
603,I Am Not Okay with This,/tv/90260, 2020
604,I Know This Much Is True,/tv/88166, 2020
605,Messiah,/tv/81292, 2020
606,Mrs. America,/tv/83605, 2020
607,Normal People,/tv/89905, 2020
609,The Serpent Queen,/tv/118189, 2022
611,Cyberpunk: Edgerunners,/tv/105248, 2022
612,Wayward Pines,/tv/53425, 2015
613,The Last Dance,/tv/79525, 2020
614,The Undoing,/tv/83851, 2020
616,Your Honor,/tv/86430, 2020
617,The King: Eternal Monarch,/tv/93846, 2020
618,Ted Lasso,/tv/97546, 2020
619,The Outsider,/tv/84661, 2020
620,Unorthodox,/tv/99581, 2020
621,Tiger King,/tv/100698, 2020
622,Star Wars Vintage: Ewoks,/tv/3478, 1985
623,Saturday Night Live,/tv/1667, 1975
624,Black Mirror,/tv/42009, 2011
625,Fate : The Winx Saga,/tv/97175, 2021
626,Heartbreak High,/tv/158154, 2022
627,Vampire Academy,/tv/125940, 2022
628,American Odyssey,/tv/61702, 2015
629,The Movies,/tv/90832, 2019
630,Rebelde,/tv/134949, 2022
631,A Private Affair,/tv/112321, 2022
632,Grimm,/tv/39351, 2011
633,Santo,/tv/128013, 2022
634,The Brave Ones,/tv/209390, 2022
635,Andor,/tv/83867, 2022
636,All Creatures Great and Small,/tv/7406, 1978
637,Reboot,/tv/155427, 2022
638,Crossfire,/tv/156763, 2022
639,Quantum Leap,/tv/202102, 2022
640,Bloodlands,/tv/119191, 2021
642,24: Legacy,/tv/66789, 2017
643,Devilman Crybaby,/tv/75208, 2018
644,The Looming Tower,/tv/70721, 2018
645,Mission: Impossible,/tv/4357, 1966
646,Transplant,/tv/99530, 2020
647,Professor T,/tv/126660, 2021
648,Scam 1992: The Harshad Mehta Story,/tv/111188, 2020
649,Night on Earth,/tv/97861, 2020
650,Rise of Empires: Ottoman,/tv/96481, 2020
651,Criminal: France,/tv/93888, 2019
652,Criminal: Germany,/tv/93886, 2019
653,Criminal: Spain,/tv/93878, 2019
654,Criminal: UK,/tv/92926, 2019
655,Kengan Ashura,/tv/90660, 2019
656,Seven Worlds,/tv/90790, 2019
658,Rise of the Teenage Mutant Ninja Turtles,/tv/81026, 2018
659,My Next Guest Needs No Introduction With David Letterman,/tv/76178, 2018
660,Dynasties,/tv/82953, 2018
661,Alias Grace,/tv/72615, 2017
662,Happy,/tv/72339, 2017
663,Howards End,/tv/74630, 2017
665,Descending Stories: Showa Genroku Rakugo Shinju,/tv/66862, 2016
666,Mob Psycho 100,/tv/67075, 2016
667,My Hero Academia,/tv/65930, 2016
668,Anne with an E,/tv/70785, 2017
669,Castlevania,/tv/71024, 2017
670,Babylon Berlin,/tv/66980, 2017
671,Lemony Snicket's A Series of Unfortunate Events,/tv/65294, 2017
672,Legion,/tv/67195, 2017
673,Runaways,/tv/116521, 2012
674,Star Wars: Forces of Destiny,/tv/71412, 2017
675,Mindhunter,/tv/67744, 2017
676,The End of the F...ing World,/tv/74577, 2017
677,The Mick,/tv/66551, 2017
678,The OA,/tv/69061, 2016
679,12 Monkeys,/tv/60948, 2015
680,Agent Carter,/tv/61550, 2015
681,And Then There Were None,/tv/64684, 2015
682,Killjoys,/tv/62413, 2015
683,Poldark,/tv/62084, 2015
684,The Man in the High Castle,/tv/62017, 2015
685,The Magicians,/tv/64432, 2015
686,Mr. Robot,/tv/62560, 2015
687,Master of None,/tv/64254, 2015
688,Jessica Jones,/tv/38472, 2015
689,Blindspot,/tv/62710, 2015
690,Ballers,/tv/62704, 2015
691,Narcos,/tv/63351, 2015
692,Ghosts (2019),/tv/116383, 2021
694,Overlord,/tv/64196, 2015
694,Overlord,/tv/111993, 2020
695,Pagan Peak,/tv/85526, 2019
696,Dragon Ball Super,/tv/62715, 2015
