name,TMDB_ID
Batwoman,/tv/89247
FBI,/tv/80748
Legacies,/tv/79460
Lucifer,/tv/63174
Hanna,/tv/54155
Succession,/tv/76331
Yellowstone,/tv/73586
Yellowstone,/tv/19355
911,/tv/65619
The Great,/tv/93812
Money Heist,/tv/71446
Squid Game,/tv/93405
NCIS,/tv/4614
Bob Hearts Abishola,/tv/92461
Emily in Paris,/tv/82596
4400,/tv/127581
Insecure,/tv/67883
Nancy Drew,/tv/89572
Nancy Drew,/tv/26828
The Morning Show,/tv/90282
The Morning Show,/tv/1230
The Morning Show,/tv/41198
The Morning Show,/tv/26688
Riverdale,/tv/69050
Riverdale,/tv/10298
The Flash,/tv/60735
The Flash,/tv/236
The Resident,/tv/74016
Alex Rider,/tv/99799
Invasion,/tv/127235
Invasion,/tv/2940
Invasion,/tv/72642
Invasion,/tv/15874
Blue Bloods,/tv/32692
See,/tv/80752
The Box,/tv/128653
The Box,/tv/207795
The Box,/tv/40247
The Box,/tv/10660
The Box,/tv/12270
The Rookie,/tv/79744
The Rookie,/tv/7583
Landscapers,/tv/113987
Sex Education,/tv/81356
Sex Life,/tv/91862
Never Have I Ever,/tv/100883
Hawkeye,/tv/88329
Hawkeye,/tv/6016
Queens,/tv/127390
Queens,/tv/70137
Queens,/tv/107890
Rick and Morty,/tv/60625
Tom and Jerry in New York,/tv/127445
The Witcher,/tv/71912
The Witcher,/tv/17625
Big Sky,/tv/100010
Big Sky,/tv/10703
MacGruber,/tv/107314
The Expanse,/tv/63639
Ragdoll,/tv/135156
Station Eleven,/tv/90972
Firebite,/tv/138525
Nikita,/tv/32868
Yellowjackets,/tv/117488
Dexter,/tv/1405
Cursed,/tv/83125
Cursed,/tv/5786
1883,/tv/118357
La Brea,/tv/128839
What If,/tv/203255
What If,/tv/208452
What If,/tv/115488
What If,/tv/66565
Strike Back,/tv/32573
Strike Back,/tv/126971
The Blacklist,/tv/46952
You,/tv/78191
Dynasty,/tv/72002
Dynasty,/tv/3769
Dynasty,/tv/29938
Dynasty,/tv/138913
Station 19,/tv/76773
Arrow,/tv/1412
Wu Assassins,/tv/86752
The Good Doctor,/tv/71712
Lupin,/tv/96677
Hightown,/tv/86588
Outer Banks,/tv/100757
Game of Thrones,/tv/1399
The 100,/tv/48866
Utopia,/tv/78903
Utopia,/tv/46511
Utopia,/tv/63699
Utopia,/tv/61806
Utopia,/tv/61298
DC's Legends of Tomorrow,/tv/62643
Designated Survivor,/tv/67026
The Last Ship,/tv/60802
11.22.63,/tv/64464
Letterkenny,/tv/65798
Vikings,/tv/44217
Vikings,/tv/61856
Kenan,/tv/116609
Cobra Kai,/tv/77169
Young Justice,/tv/33217
Family Guy,/tv/1434
Stay Close,/tv/136308
The Cleaning Lady,/tv/125282
The Cleaning Lady,/tv/73043
The Cleaning Lady,/tv/17322
The Tourist,/tv/120909
This Is Us,/tv/67136
Chicago Med,/tv/62650
MacGyver,/tv/67133
MacGyver,/tv/2875
The Conners,/tv/80550
Gossip Girl,/tv/1395
Gossip Girl,/tv/95249
The Outpost,/tv/79340
Bodyguard,/tv/80307
Bodyguard,/tv/35834
Deadly Class,/tv/75663
Chicago Fire,/tv/44006
Coroner,/tv/85586
Bull,/tv/66840
Bull,/tv/11640
Bull,/tv/97034
Young Sheldon,/tv/71728
Naomi,/tv/125474
Naomi,/tv/36746
A Discovery of Witches,/tv/77236
Screw,/tv/153425
68 Whiskey,/tv/88947
Altered Carbon,/tv/68421
American Crime Story,/tv/64513
Dark,/tv/70523
Banshee,/tv/41727
Spartacus,/tv/46296
Spartacus,/tv/49258
A Million Little Things,/tv/81499
Wolf Like Me,/tv/136738
Archive 81,/tv/112314
Peacemaker,/tv/110492
Peacemaker,/tv/21788
Peacemaker,/tv/108886
Euphoria,/tv/85552
Euphoria,/tv/90417
After Life,/tv/79410
After Life,/tv/123327
New Amsterdam,/tv/80350
New Amsterdam,/tv/1144
How I Met Your Father,/tv/124010
Good Sam,/tv/125952
Ozark,/tv/69740
Jaguar,/tv/127425
The Hardy Boys,/tv/112945
The Hardy Boys,/tv/21968
The Hardy Boys,/tv/28088
The Flight Attendant,/tv/93287
The Mandalorian,/tv/82856
Dracula,/tv/86850
Dracula,/tv/58928
Dracula,/tv/17716
Dracula,/tv/17685
Dracula,/tv/194814
Soulmates,/tv/100771
Soulmates,/tv/101450
Equinox,/tv/113600
Equinox,/tv/15716
Billions,/tv/62852
The Righteous Gemstones,/tv/82782
The Gilded Age,/tv/81723
Ghosts,/tv/17174
Ghosts,/tv/126027
Ghosts,/tv/87240
Snowpiercer,/tv/79680
Two Sentence Horror Stories,/tv/90961
Two Sentence Horror Stories,/tv/92157
The Afterparty,/tv/106454
The Responder,/tv/155346
The Woman in the House Across the Street from the Girl in the Window,/tv/111838
Resident Alien,/tv/96580
Raising Dion,/tv/93392
Reacher,/tv/108978
Servant,/tv/88055
Power Book IV: Force,/tv/119845
Murderville,/tv/155594
"Love, Death & Robots",/tv/86831
Chloe,/tv/156507
Abbott Elementary,/tv/125935
Neymar: The Perfect Chaos,/tv/153519
Single Drunk Female,/tv/136739
Promised Land,/tv/9929
Promised Land,/tv/130980
Super Crooks,/tv/127599
Suspicion,/tv/100414
Suspicion,/tv/21506
Suspicion,/tv/68308
Suspicion,/tv/129537
Somebody Somewhere,/tv/106308
Person of Interest,/tv/1411
Dollface,/tv/84584
Dollface,/tv/102879
Inventing Anna,/tv/95665
Bel-Air,/tv/107365
The Last Kingdom,/tv/63333
Scandal,/tv/39269
Scandal,/tv/118460
Space Force,/tv/85922
Snowdrop,/tv/108291
Snowdrop,/tv/104706
Young Wallander,/tv/91545
Severance,/tv/95396
The Marvelous Mrs. Maisel,/tv/70796
The Walking Dead,/tv/1402
Treadstone,/tv/83949
Beauty and the Beast,/tv/44606
Beauty and the Beast,/tv/64248
Beauty and the Beast,/tv/2397
Beauty and the Beast,/tv/121466
Beauty and the Beast,/tv/12282
Beauty and the Beast,/tv/24087
Beauty and the Beast,/tv/121394
From,/tv/124364
Super Pumped,/tv/126301
Vikings: Valhalla,/tv/116135
Black Lightning,/tv/71663
The Endgame,/tv/134375
The Dropout,/tv/122066
Good Trouble,/tv/80006
Theodosia,/tv/139061
Snowfall,/tv/71694
Snowfall,/tv/68913
Formula 1: Drive to Survive,/tv/87083
Walker,/tv/99121
The Office,/tv/2316
The Office,/tv/2996
The Office,/tv/90762
The Office,/tv/24876
The Office,/tv/70633
The Office,/tv/37054
Charmed,/tv/1981
Charmed,/tv/79611
B Positive,/tv/104714
Peaky Blinders,/tv/60574
All American: Homecoming,/tv/153723
All American,/tv/82428
Minx,/tv/118303
DMZ,/tv/113566
Our Flag Means Death,/tv/109939
Law & Order: Organized Crime,/tv/106158
That Dirty Black Bag,/tv/157084
Bridgerton,/tv/91239
Pachinko,/tv/110382
Halo,/tv/52814
Pieces of Her,/tv/99002
Parallels,/tv/118906
Atlanta,/tv/65495
Killing Eve,/tv/72750
The Girl from Plainville,/tv/107114
Better Things,/tv/66859
Moon Knight,/tv/92749
Young Rock,/tv/97754
Lethal Weapon,/tv/67116
The Vampire Diaries,/tv/18165
Tomorrow,/tv/64516
Tomorrow,/tv/4159
Slow Horses,/tv/95480
Shining Vale,/tv/136745
Tokyo Vice,/tv/90296
61st Street,/tv/98657
Gentleman Jack,/tv/86163
Ice Age: Scrat Tales,/tv/158307
The Queen's Gambit,/tv/87739
Derry Girls,/tv/76148
The Originals,/tv/46896
Roar,/tv/136741
Roar,/tv/4935
Roar,/tv/6475
Outer Range,/tv/113985
The First Lady,/tv/99070
The First Lady,/tv/9628
The First Lady,/tv/44885
Russian Doll,/tv/84977
Pacific Rim: The Black,/tv/112162
My Brilliant Friend,/tv/78154
Julia,/tv/116761
Julia,/tv/10094
Julia,/tv/60278
Heartstopper,/tv/124834
Sanditon,/tv/92875
Gaslit,/tv/107407
Hilda,/tv/82456
Outlander,/tv/56570
Mai: A Mother's Rage,/tv/195900
We Own This City,/tv/125949
Barry,/tv/73107
The Offer,/tv/114068
Undone,/tv/86340
Manifest,/tv/79696
Shining Girls,/tv/106388
Winning Time: The Rise of the Lakers Dynasty,/tv/124067
The Baby,/tv/115915
Welcome to Eden,/tv/128010
Clark,/tv/157008
Dragons: The Nine Realms,/tv/136322
The Pentaverate,/tv/88584
Blood Sisters,/tv/197428
The Sound of Magic,/tv/123349
The Wilds,/tv/113367
Star Trek: Lower Decks,/tv/85948
Candy,/tv/105804
Candy,/tv/133028
Better Call Saul,/tv/60059
The Lincoln Lawyer,/tv/116799
Games People Play,/tv/88770
Games People Play,/tv/14974
Games People Play,/tv/102898
Hacks,/tv/124101
The Staircase,/tv/122196
The Staircase,/tv/21421
Star Trek: Strange New Worlds,/tv/103516
"Love, Death & Robots",/tv/86831
Night Sky,/tv/111894
The Essex Serpent,/tv/108171
Heroes,/tv/1639
P-Valley,/tv/87017
Hannibal,/tv/40008
Tehran,/tv/103913
Prehistoric Planet,/tv/95171
Prehistoric Planet,/tv/9326
Stranger Things,/tv/66732
Atlantis,/tv/47054
Atlantis,/tv/39203
Angelyne,/tv/93751
Duncanville,/tv/93292
Good Omens,/tv/71915
Tacoma FD,/tv/86893
The Affair,/tv/61463
Gomorrah,/tv/61068
Bosch,/tv/60585
13 Reasons Why,/tv/66788
The Defenders,/tv/11515
The Defenders,/tv/32736
Shooter,/tv/66857
Pistol,/tv/132159
Breeders,/tv/93290
The Boys,/tv/76479
The Boys,/tv/28172
Physical,/tv/119181
"Roswell, New Mexico",/tv/82001
Irma Vep,/tv/115626
Warrior Nun,/tv/87689
All Rise,/tv/90872
Once Upon a Time in Londongrad,/tv/203226
The Orville,/tv/71738
Intelligence,/tv/50628
Intelligence,/tv/5232
Intelligence,/tv/88110
For All Mankind,/tv/87917
First Kill,/tv/111616
Conversations with Friends,/tv/99747
Des,/tv/96628
Disenchantment,/tv/73021
Evil,/tv/86848
Intimacy,/tv/123534
Becoming Elizabeth,/tv/198085
Dark Winds,/tv/128904
Top Gear,/tv/45
Top Gear,/tv/7038
Top Gear,/tv/4498
Ms. Marvel,/tv/92782
Sherwood,/tv/87399
Sherwood,/tv/155243
God's Favorite Idiot,/tv/114201
Tom Swift,/tv/132380
America's Got Talent,/tv/4551
The Old Man,/tv/111800
The Lazarus Project,/tv/194567
Dead End: Paranormal Park,/tv/158139
Better Call Saul Presents: Slippin' Jimmy,/tv/158704
Goliath,/tv/67384
The Orbital Children,/tv/138190
Motherland: Fort Salem,/tv/91977
The Chi,/tv/72071
The Summer I Turned Pretty,/tv/194766
The Umbrella Academy,/tv/75006
Loot,/tv/197449
Who Killed Sara?,/tv/120168
So You Think You Can Dance,/tv/3976
So You Think You Can Dance,/tv/40231
So You Think You Can Dance,/tv/30937
So You Think You Can Dance,/tv/5127
So You Think You Can Dance,/tv/4721
So You Think You Can Dance,/tv/48584
The Lake,/tv/158051
The Lake,/tv/33253
The Lake,/tv/97787
Only Murders in the Building,/tv/107113
Animal Kingdom,/tv/66025
Westworld,/tv/63247
The Outlaws,/tv/136044
Prison Break,/tv/2288
The Terminal List,/tv/120911
Aoashi,/tv/126437
Bad Sport,/tv/133358
Last Chance U: Basketball,/tv/118876
The Undeclared War,/tv/156988
Troppo,/tv/130578
They Call Me Magic,/tv/157002
The Croods: Family Tree,/tv/132559
Rutherford Falls,/tv/93748
Power Book III: Raising Kanan,/tv/124394
Transporter: The Series,/tv/39497
Black Bird,/tv/155537
Moonhaven,/tv/125398
Control Z,/tv/102903
Fatma,/tv/123138
Them,/tv/120462
Them,/tv/3327
Them,/tv/29628
Santa Inc.,/tv/103214
The Nevers,/tv/80828
The Falcon and the Winter Soldier,/tv/88396
Gangs of London,/tv/85021
Spy City,/tv/113828
Ragnarok,/tv/91557
Mind Over Murder,/tv/203282
Big Mouth,/tv/74204
Big Mouth,/tv/155226
Big Little Lies,/tv/66292
Taboo,/tv/65708
Taboo,/tv/6733
Taboo,/tv/93162
American Gods,/tv/46639
Godless,/tv/73467
The Sinner,/tv/39852
The Sinner,/tv/75939
What We Do in the Shadows,/tv/83631
Solar Opposites,/tv/97645
D.B. Cooper: Where Are You?!,/tv/204302
Resident Evil,/tv/108296
Kung Fu Panda: The Dragon Knight,/tv/129959
Farzar,/tv/202864
Boruto: Naruto Next Generations,/tv/70881
Virgin River,/tv/88324
Jurassic World: Camp Cretaceous,/tv/93741
Standup and Away! with Brian Regan,/tv/110167
The Last Movie Stars,/tv/157021
Primal,/tv/89456
Miss Scarlet and the Duke,/tv/96450
Trying,/tv/98177
Trying,/tv/206733
The Rehearsal,/tv/204284
Jane Eyre,/tv/13851
Jane Eyre,/tv/13269
Jane Eyre,/tv/13500
Jane Eyre,/tv/43520
Jane Eyre,/tv/77104
Jane Eyre,/tv/77726
Uncoupled,/tv/201380
Are You Afraid of the Dark?,/tv/93693
Are You Afraid of the Dark?,/tv/2913
Paper Girls,/tv/106431
Players,/tv/132178
Players,/tv/97913
Players,/tv/12461
Players,/tv/32098
Players,/tv/10942
Surface,/tv/127641
Surface,/tv/3486
Black Spot,/tv/70613
Keep Breathing,/tv/195822
The Resort,/tv/194728
The Resort,/tv/11401
Pretty Little Liars: Original Sin,/tv/110531
American Horror Stories,/tv/113036
Snake in the Grass,/tv/206427
Tuca & Bertie,/tv/79356
Harley Quinn,/tv/74440
Industry,/tv/90812
Reservation Dogs,/tv/95215
All or Nothing: Arsenal,/tv/132376
Yasuke,/tv/112166
Trese,/tv/94924
Sweet Tooth,/tv/103768
The Silent Sea,/tv/96777
Power,/tv/54650
Locke & Key,/tv/86423
Bridge and Tunnel,/tv/111750
The Anarchists,/tv/204899
The Sandman,/tv/90802
Shoot! Goal to the Future,/tv/138882
Colosseum,/tv/204377
UFO,/tv/2560
UFO,/tv/127642
School Tales the Series,/tv/203502
This Fool,/tv/202137
Password,/tv/203254
Password,/tv/5018
Password,/tv/101966
Password,/tv/60355
Five Days at Memorial,/tv/108664
Flatbush Misdemeanors,/tv/111500
A League of Their Own,/tv/32348
A League of Their Own,/tv/107005
A League of Their Own,/tv/32171
A League of Their Own,/tv/58181
Tales of the Walking Dead,/tv/136248
Legacy: The True Story of the LA Lakers,/tv/204554
Rabbids Invasion,/tv/62201
Family Law,/tv/124643
Family Law,/tv/9877
A Model Family,/tv/132171
The Knights of Castelcorvo,/tv/111442
Aftermath,/tv/67439
Aftermath,/tv/34982
Aftermath,/tv/63823
Again My Life,/tv/135654
Agatha Christie's Marple,/tv/6127
Agatha Raisin,/tv/66671
Hotties,/tv/206300
Bunnicula,/tv/65564
Hamster & Gretel,/tv/156606
Halston,/tv/99617
Halt and Catch Fire,/tv/59659
Inside Pixar,/tv/111815
Children of the Underground,/tv/206319
Knightfall,/tv/73117
Castle,/tv/1419
Castle,/tv/25018
Castle,/tv/27157
Castle,/tv/210501
Castle Rock,/tv/71116
Imposters,/tv/69889
She-Hulk: Attorney at Law,/tv/92783
Tekken: Bloodline,/tv/195530
He-Man and the Masters of the Universe,/tv/96659
He-Man and the Masters of the Universe,/tv/931
He-Man and the Masters of the Universe,/tv/3035
Selena + Chef,/tv/106978
Shetland,/tv/46923
Bad Sisters,/tv/199318
Echoes,/tv/129612
Echoes,/tv/31860
Rap Sh!t,/tv/155772
The Girl in the Mirror,/tv/127424
Schulz Saves America,/tv/114604
Sprung,/tv/204698
Code Black,/tv/63418
1000 Ways to Die,/tv/15826
Criminal Minds,/tv/4057
Criminal Minds,/tv/71795
House of the Dragon,/tv/94997
Kleo,/tv/206010
The Cuphead Show!,/tv/103786
Special OPS,/tv/100612
Below Deck Mediterranean,/tv/66902
Beat Shazam,/tv/71654
Angels in America,/tv/11245
Fleabag,/tv/67070
Horace and Pete,/tv/65454
LEGO Star Wars: The Freemaker Adventures,/tv/66837
Medici: Masters of Florence,/tv/66761
Preacher,/tv/64230
Private Eyes,/tv/66599
Archer,/tv/10283
Archer,/tv/26529
Lost Ollie,/tv/156935
Delhi Crime,/tv/87508
Mo,/tv/201124
Mo,/tv/47444
The Twelve,/tv/202113
The Twelve,/tv/94551
Mike,/tv/135250
Mike,/tv/86158
The Crown,/tv/65494
The Girlfriend Experience,/tv/64387
The Grand Tour,/tv/67557
Van Helsing,/tv/65820
Kidding,/tv/73925
My Mister,/tv/76662
Interrogation Raw,/tv/203453
Welcome to Wrexham,/tv/126929
Little Demon,/tv/125392
Partner Track,/tv/135035
The Patient,/tv/135868
The Lord of the Rings: The Rings of Power,/tv/84773
The Ipcress File,/tv/114926
Pantheon,/tv/195339
The Capture,/tv/93166
