a_id,movie_name
ï»¿a_id,movie_name
235,Harry Potter and the Sorcerer's Stone
238,Zack Snyder's Justice League
291,X-Men
315,Demon Slayer -Kimetsu no Yaiba- The Movie: Mugen Train
324,Tumbbad
334,OMG: Oh My God!
335,Chak De! India
336,Vicky Donor
339,English Vinglish
340,Jab We Met
342,No Man's Land
343,Elite Squad: The Enemy Within
355,Schindler's List
360,One Flew Over the Cuckoo's Nest
361,Star Wars: Episode IV - A New Hope
362,Hara-Kiri
386,Hachi: A Dog's Tale
409,A Quiet Place Part II
464,Hitman's Wife's Bodyguard
526,I Want You Back
561,Mission Impossible 1
580,Star Wars: The Last Jedi
610,Kingsman: The Secret Service
611,The King's Man
617,The King's Daughter
627,The Commando
631,Cyrano
633,Italian Studies
636,Don't Look Up
637,The King's Daughter
661,The Sky Is Everwhere
697,"The Unbearable Weight of Massive Talent
"
700,Peter Rabbit 2: The Runaway
707,We Are The Millers
713,Everything Everywhere All at Once
717,Top Gun: Mavarick
720,Serberg
723,Home Alone 5: The Holiday Heist
742,Fast and Furious 6
747,The Transporter 2
756,Runaway 34
763,Snoop Dogg's F*cn Around Comedy Special
764,Ip Man: The Awakening
766,Jerry & Marge Go Large
783,Fortress: Sniper's Eye
784,Obi-Wan Kenobi - The Patterson Cut
795,Penguin Bloom
798,Red Cliff Part II
808,Dave Chappelle: What's in a Name?
809,Supernova
812,The Bob's Burgers Movie
814,All Those Small Things
818,The Policeman
821,The Princess Switch 3: Romancing the Star
824,The Survivor
828,Vortex
832,Tom Clancy's Without Remorse
838,True Things
842,You Won't Be Alone
852,The Night House
864,The Grandmother
870,The Drover's Wife: The Legend of Molly Johnson
878,The Superdeep
881,South Park the Streaming Wars Part 1
882,South Park the Streaming Wars Part 2
884,Snake Eyes: G.I. Joe Origins
886,She Will
889,Rurouni Kenshin: The Final
890,Rurouni Kenshin: The Beginning
891,Runmble
892,Ron's Gone Wrong
897,The Forgiven
905,"Quo Vadis, Aida?"
912,Operation Mincemeat
924,Mother/Android
925,Montana Story
930,Mad God
933,Kingdom: Ashin of the North
935,Josh Gondelman: People Pleaser 
938,I'm Your Man
948,Gully
954,"Extremely Wicked, Shockingly Evil and Vile"
956,Escape the Field
962,Dragon Ball Super: Super Hero
964,Don't Make Me Go
973,Clean
980,Can You Keep a Secret?
982,Bruised
985,Bhoot Police
993,Amy Schumer Presents: Parental Advisory
995,Akilla's Escape
997,Adverse
1003,18Ã‚Â½
1005,Zombies 3
1007,A Banquet
1008,A Good Man
1010,Tyler Perry's A Madea Homecoming
1014,Ali and Ava
1017,All My Friends Hate Me
1020,American Siege
1021,Apollo 10
1028,Bigbug
1029,Birds Like Us
1036,"Crazy, Stupid, Love."
1038,Days
1040,Death of a Telemarketer
1050,Fear Street: 1994
1051,Fear Street: 1978
1052,Fear Street: 1666
1059,Gagarine
1061,Gerda
1067,Here Before
1081,La Soga: Salvation
1086,Lucy and Desi
1095,Mr. Bachmann and His Class
1096,Munich: The Edge of War
1097,Murina
1098,"Onoda: 10,000 Nights in the Jungle"
1103,Petrov's Flu
1112,Salaam Bombay!
1113,Seobok: Project Clone
1115,Sundown
1120,The Beast
1124,The Dog Who Wouldn't Be Quiet
1126,The Free Fall
1130,The Ice Age Adventures of Buck Wild
1131,The Invisible Thread
1135,The Man with the Answers
1136,The Most Reluctant Convert: The Untold Story of C.S. Lewis
1141,The Royal Treatment
1145,The Story of My Wife
1146,The Wall: Climb for Gold
1151,Tom and Jerry Cowboy Up!
1158,Windfall
1159,Without Saying Goodbye
1161,You Are Not My Mother
1172,The Wheel
1173,Anything
1174,Mr. Malcolm's List
1177,Jana Gana Mana
1185,The Last Full Measure
1189,Molly's Game
1209,Daddy's Home
1212,Demolition
1214,Eddie the Eagle
1232,Intruders (2014)
1248,Minions
1269,Self/less
1270,Sinister 2
1289,The Longest Ride
1290,The Man Who Knew Infinity
1291,The Man from U.N.C.L.E.
1292,The Meddler
1296,The Sea of Trees
1316,(500) Days of Summer
1317,Blackwood
1324,Charlotte
1325,Silence
1329,Andrew Schulz: Infamous
1343,Bheeshma Parvam
1346,Hey! Sinamika
1347,Heropanti
1349,James
1351,Pawankhind
1352,Salute
1353,Recurrence
1355,Gatlopp: Hell of a Game
1358,They/Them
1369,Birdman
1384,Ex Machina
1397,"Inherent Vice
"
1400,Jackass Presents: Bad Grandpa .5
1412,Cobalt Blue
1413,Earwig
1414,FIR
1419,Joy Ride 3
1421,Let's Be Cops
1439,Pawn Sacrifice
1441,Recep Ivedik 4
1446,Rurouni Kenshin Part III: The Legend Ends
1454,Taken 3
1466,Pirates of the Caribbean: Dead Man's Chest
1467,Pirates of the Caribbean: At World's End
1468,Pirates of the Caribbean: Tales of the Code: Wedlocked
1472,The Equalizer
1473,The Expendables 3
1474,The Fault in Our Stars
1475,The Forger
1476,The Gambler
1477,The Giver
1478,The Grand Budapest Hotel
1479,The Guest
1480,The Hobbit: The Battle of the Five Armies
1481,The Homesman
1482,The Hunger Games: Mockingjay - Part 1
1483,The Imitation Game
1484,The Interview
1485,The Judge
1486,The Legend of Hercules
1487,The Lego Movie
1497,When I Consume You
1501,Code Name: Emperor
1505,GabrielÃ¢â‚¬â„¢s Rapture: Part III
1506,PilÃ¢â‚¬â„¢s Adventures
1508,Bo Burnham: The Inside Outtakes
1511,Snoopy Presents: Lucy's School
1516,The Monkey King
1531,Tokarev
1557,Blue Is the Warmest Color
1565,Dallas Buyers Club
1568,Death Race 3(Inferno)
1575,Ender's Game
1588,Hansel and Gretel Get Baked
1591,Homefront
1614,Locke
1640,R.I.P.D.
1647,Scary Movie 5
1652,Sunlight Jr.
1661,The Double
1696,Bodies Bodies Bodies
1701,Adopting Audrey
1709,American Pie Reunion
1720,Bullet to the Head
1739,Life Of Pi
1743,Madagascar 3: Europe's Most Wanted
1749,Mud
1773,That's My Boy
1792,The Railway Children Return
1801,To the Wonder
1815,50/50
1845,Intruders (2011)
1854,Fruits Basket -Prelude-
1856,Gigi & Nate
1857,Marcel The Shell With Shoes On
1881,Escape from Alcatraz
1893,AlcarrÃƒÂ s
1895,Obi-Wan Kenobi: A Jedi
1898,Emergency Declaration
1915,The Grey
1923,Ticket To Paradise
1924,The Road Dance
1925,Superior
1927,Delia
1929,Pearl
1930,God's Country
1931,Mona Lisa And The Blood Moon
1932,Mat Kilau
1933,The Woman King
1935,The Falconer
1939,See How They Run
1940,Clerks III
1944,Barbarian
1947,On The Come Up
1951,Carmen
1955,Raven's Hollow
1956,Running the Bases
1963,World's Greatest Dad
1975,The Time Traveler's Wife
2008,My Sister's Keeper
2016,Jennifer's Body
2017,It's Complicated
2022,He's Just Not That Into You
2035,Cirque du Freak: The Vampire's Assistant
2039,Brooklyn's Finest
2043,Assassin's Creed: Lineage
2055,Trick or Treat Scooby-Doo!
2056,Hasan Minhaj: The KingÃ¢â‚¬â„¢s Jester
2059,DevilÃ¢â‚¬â„¢s Workshop
2062,Don't Worry Darling
2064,My Best Friend's Exorcism
2065,Smile
2067,The Good House
